index, V1, N1, N2, N3, N4, N5, N6, N7, N8, V1, E1, E2, E3, E4, E5, E6, E7, E8, V1, S1, S2, S3, S4, S5, S6, S7, S8, V1, W1, W2, W3, W4, W5, W6, W7, W8, V1, C1, C2, C3, C4, C5, C6, C7, C8
0, -0.96062994, 7, 1, 2, 1, 1, 1, 4, 4, -0.96062994, 4, 1, 8, 11, 10, 2, 4, 1, -0.96850395, 1, 1, 36, 1, 1, 29, 1, 1, -0.96062994, 7, 1, 8, 1, 1, 1, 2, 1, -0.96850395, 1, 1, 36, 1, 1, 29, 1, 1
1, -0.9527559, 9, 3, 4, 5, 1, 3, 3, 5, -0.9527559, 5, 1, 25, 2, 2, 7, 5, 5, -0.96062994, 11, 9, 6, 5, 5, 4, 9, 5, -0.9527559, 9, 3, 3, 10, 13, 6, 3, 11, -0.96062994, 11, 9, 6, 5, 5, 4, 9, 5
2, -0.9448819, 38, 9, 4, 4, 2, 3, 4, 13, -0.9448819, 13, 12, 29, 25, 8, 7, 9, 6, -0.9527559, 7, 1, 4, 2, 4, 2, 1, 6, -0.9448819, 38, 1, 8, 1, 7, 3, 11, 7, -0.9527559, 7, 1, 4, 2, 4, 2, 1, 6
3, -0.93700784, 61, 71, 21, 23, 3, 27, 9, 57, -0.93700784, 57, 70, 23, 27, 22, 29, 26, 27, -0.9448819, 18, 7, 11, 9, 33, 24, 12, 27, -0.93700784, 61, 10, 26, 7, 24, 26, 73, 18, -0.9448819, 18, 7, 11, 9, 33, 24, 12, 27
4, -0.92913383, 44, 15, 52, 30, 30, 27, 28, 13, -0.92913383, 13, 14, 27, 17, 33, 29, 10, 62, -0.93700784, 69, 25, 23, 25, 55, 40, 66, 62, -0.92913383, 44, 25, 25, 26, 39, 32, 11, 69, -0.93700784, 69, 25, 23, 25, 55, 40, 66, 62
5, -0.9212598, 42, 16, 15, 13, 36, 32, 14, 37, -0.9212598, 37, 31, 105, 22, 33, 29, 16, 72, -0.92913383, 27, 9, 21, 23, 4, 11, 10, 72, -0.9212598, 42, 14, 37, 37, 15, 12, 20, 27, -0.92913383, 27, 9, 21, 23, 4, 11, 10, 72
6, -0.9133858, 191, 98, 25, 17, 39, 71, 12, 72, -0.9133858, 72, 84, 18, 102, 94, 49, 106, 10, -0.9212598, 25, 23, 21, 33, 12, 23, 24, 10, -0.9133858, 191, 28, 82, 46, 16, 29, 235, 25, -0.9212598, 25, 23, 21, 33, 12, 23, 24, 10
7, -0.9055118, 12, 55, 103, 75, 93, 32, 202, 9, -0.9055118, 9, 13, 36, 55, 12, 11, 71, 194, -0.9133858, 86, 58, 53, 23, 82, 71, 58, 194, -0.9055118, 12, 87, 25, 58, 184, 116, 37, 86, -0.9133858, 86, 58, 53, 23, 82, 71, 58, 194
8, -0.8976378, 81, 62, 31, 41, 34, 48, 22, 47, -0.8976378, 47, 14, 90, 41, 48, 45, 55, 9, -0.9055118, 10, 11, 24, 40, 31, 27, 34, 9, -0.8976378, 81, 36, 32, 30, 55, 64, 28, 10, -0.9055118, 10, 11, 24, 40, 31, 27, 34, 9
9, -0.8897638, 74, 69, 26, 47, 64, 98, 47, 66, -0.8897638, 66, 90, 289, 80, 92, 97, 65, 31, -0.8976378, 18, 38, 43, 45, 70, 49, 67, 31, -0.8897638, 74, 55, 68, 47, 75, 50, 71, 18, -0.8976378, 18, 38, 43, 45, 70, 49, 67, 31
10, -0.88188976, 338, 296, 91, 109, 123, 303, 89, 324, -0.88188976, 324, 284, 231, 300, 267, 277, 284, 73, -0.8897638, 44, 58, 73, 150, 117, 78, 77, 73, -0.88188976, 338, 103, 308, 93, 142, 148, 310, 44, -0.8897638, 44, 58, 73, 150, 117, 78, 77, 73
11, -0.87401575, 169, 187, 291, 397, 434, 224, 311, 193, -0.87401575, 193, 231, 1196, 308, 248, 198, 228, 317, -0.88188976, 325, 315, 295, 411, 453, 304, 289, 317, -0.87401575, 169, 305, 188, 280, 286, 283, 196, 325, -0.88188976, 325, 315, 295, 411, 453, 304, 289, 317
12, -0.86614174, 1236, 1238, 246, 243, 248, 1254, 182, 1204, -0.86614174, 1204, 1186, 361, 1157, 1189, 1259, 1218, 225, -0.87401575, 173, 199, 182, 211, 232, 196, 189, 225, -0.86614174, 1236, 171, 1208, 226, 220, 169, 1243, 173, -0.87401575, 173, 199, 182, 211, 232, 196, 189, 225
13, -0.8582677, 327, 196, 1262, 1198, 1206, 331, 1220, 194, -0.8582677, 194, 184, 977, 239, 251, 349, 261, 1241, -0.86614174, 1229, 1254, 1303, 1237, 1239, 1323, 1312, 1241, -0.8582677, 327, 1210, 384, 1221, 1225, 1270, 222, 1229, -0.86614174, 1229, 1254, 1303, 1237, 1239, 1323, 1312, 1241
14, -0.8503937, 815, 978, 295, 225, 236, 1036, 323, 796, -0.8503937, 796, 932, 2608, 1094, 959, 907, 845, 219, -0.8582677, 183, 257, 373, 204, 230, 316, 256, 219, -0.8503937, 815, 222, 975, 232, 304, 338, 846, 183, -0.8582677, 183, 257, 373, 204, 230, 316, 256, 219
15, -0.8425197, 3034, 2707, 1040, 1082, 1148, 2816, 935, 2463, -0.8425197, 2463, 2323, 1875, 2769, 2476, 2540, 2403, 861, -0.8503937, 852, 916, 1080, 1118, 1211, 1089, 981, 861, -0.8425197, 3034, 904, 2725, 1067, 986, 931, 2436, 852, -0.8503937, 852, 916, 1080, 1118, 1211, 1089, 981, 861
16, -0.8346457, 1541, 1672, 2822, 2738, 2831, 1651, 2710, 1921, -0.8346457, 1921, 2045, 1765, 1684, 1933, 2033, 1913, 2795, -0.8425197, 2764, 2263, 2264, 2610, 2635, 2402, 2196, 2795, -0.8346457, 1541, 2477, 1851, 2969, 2657, 2713, 1882, 2764, -0.8425197, 2764, 2263, 2264, 2610, 2635, 2402, 2196, 2795
17, -0.8267717, 1903, 1782, 1587, 1830, 1654, 1853, 1631, 1975, -0.8267717, 1975, 1818, 873, 1897, 1966, 1799, 1626, 1752, -0.8346457, 1749, 1873, 2033, 1957, 1812, 1842, 1994, 1752, -0.8267717, 1903, 1934, 1694, 1475, 1701, 1877, 1782, 1749, -0.8346457, 1749, 1873, 2033, 1957, 1812, 1842, 1994, 1752
18, -0.81889766, 789, 838, 1925, 1916, 1883, 945, 1955, 775, -0.81889766, 775, 849, 821, 822, 913, 791, 842, 1736, -0.8267717, 1831, 1878, 1952, 1736, 1805, 2006, 1752, 1736, -0.81889766, 789, 1852, 882, 1831, 1924, 1788, 768, 1831, -0.8267717, 1831, 1878, 1952, 1736, 1805, 2006, 1752, 1736
19, -0.8110236, 880, 874, 741, 908, 871, 785, 904, 880, -0.8110236, 880, 944, 1833, 907, 896, 770, 752, 726, -0.81889766, 695, 787, 770, 869, 922, 933, 893, 726, -0.8110236, 880, 786, 896, 962, 857, 758, 919, 695, -0.81889766, 695, 787, 770, 869, 922, 933, 893, 726
20, -0.8031496, 1975, 1937, 812, 909, 815, 1693, 914, 1877, -0.8031496, 1877, 1863, 920, 1847, 1692, 1875, 1868, 809, -0.8110236, 832, 883, 795, 825, 840, 810, 759, 809, -0.8031496, 1975, 1047, 1770, 1044, 901, 870, 1882, 832, -0.8110236, 832, 883, 795, 825, 840, 810, 759, 809
21, -0.79527557, 985, 888, 1870, 1828, 1875, 985, 1809, 998, -0.79527557, 998, 937, 2287, 950, 1126, 966, 838, 1679, -0.8031496, 1837, 1869, 1803, 1711, 1703, 1695, 1643, 1679, -0.79527557, 985, 1977, 1066, 1778, 1719, 1765, 933, 1837, -0.8031496, 1837, 1869, 1803, 1711, 1703, 1695, 1643, 1679
22, -0.78740156, 2254, 2399, 1096, 1045, 1013, 2159, 932, 2194, -0.78740156, 2194, 2397, 621, 2294, 2242, 2294, 2516, 864, -0.79527557, 1072, 960, 1018, 943, 995, 869, 1038, 864, -0.78740156, 2254, 930, 2200, 1127, 1161, 923, 2567, 1072, -0.79527557, 1072, 960, 1018, 943, 995, 869, 1038, 864
23, -0.77952754, 862, 596, 2339, 2089, 2127, 792, 2318, 613, -0.77952754, 613, 863, 834, 824, 997, 761, 785, 2308, -0.78740156, 2334, 2269, 2236, 2269, 2360, 2334, 2484, 2308, -0.77952754, 862, 2316, 876, 2236, 2187, 2367, 783, 2334, -0.78740156, 2334, 2269, 2236, 2269, 2360, 2334, 2484, 2308
24, -0.77165353, 737, 924, 714, 707, 838, 796, 649, 812, -0.77165353, 812, 811, 1101, 851, 937, 844, 913, 631, -0.77952754, 712, 748, 1014, 855, 775, 830, 643, 631, -0.77165353, 737, 737, 831, 780, 775, 788, 817, 712, -0.77952754, 712, 748, 1014, 855, 775, 830, 643, 631
25, -0.7637795, 1084, 1350, 822, 926, 1081, 1334, 782, 1118, -0.7637795, 1118, 1091, 2205, 954, 963, 1071, 938, 838, -0.77165353, 805, 1028, 872, 1089, 892, 861, 880, 838, -0.7637795, 1084, 836, 1079, 913, 937, 956, 1184, 805, -0.77165353, 805, 1028, 872, 1089, 892, 861, 880, 838
26, -0.7559055, 2398, 2832, 1173, 1131, 1158, 2434, 1198, 2637, -0.7559055, 2637, 2580, 958, 2745, 2471, 2271, 2726, 1020, -0.7637795, 974, 1102, 1202, 935, 1151, 1021, 962, 1020, -0.7559055, 2398, 1273, 2418, 968, 1181, 1095, 2575, 974, -0.7637795, 974, 1102, 1202, 935, 1151, 1021, 962, 1020
27, -0.7480315, 781, 920, 2120, 2478, 2454, 1109, 2305, 939, -0.7480315, 939, 1051, 1006, 964, 1189, 1140, 1050, 2575, -0.7559055, 2664, 2874, 2469, 2443, 2498, 2395, 2702, 2575, -0.7480315, 781, 2774, 993, 2581, 2273, 2331, 1181, 2664, -0.7559055, 2664, 2874, 2469, 2443, 2498, 2395, 2702, 2575
28, -0.7401575, 688, 1037, 1223, 1342, 1195, 1123, 1094, 950, -0.7401575, 950, 931, 1350, 940, 881, 1111, 938, 892, -0.7480315, 980, 1061, 1121, 1038, 1068, 1011, 1232, 892, -0.7401575, 688, 1170, 885, 929, 1036, 1136, 925, 980, -0.7480315, 980, 1061, 1121, 1038, 1068, 1011, 1232, 892
29, -0.7322835, 1610, 1307, 1204, 962, 1000, 1661, 1099, 1302, -0.7322835, 1302, 1311, 2197, 1379, 1156, 1396, 1229, 610, -0.7401575, 652, 1013, 915, 928, 1019, 914, 858, 610, -0.7322835, 1610, 947, 1406, 1038, 1026, 1045, 1207, 652, -0.7401575, 652, 1013, 915, 928, 1019, 914, 858, 610
30, -0.72440946, 2002, 2099, 1496, 1234, 1635, 2210, 1521, 1978, -0.72440946, 1978, 2107, 2313, 2032, 2040, 1985, 1877, 1171, -0.7322835, 1328, 1447, 1430, 1373, 1367, 1368, 1256, 1171, -0.72440946, 2002, 1301, 1982, 1453, 1654, 1448, 1913, 1328, -0.7322835, 1328, 1447, 1430, 1373, 1367, 1368, 1256, 1171
31, -0.71653545, 2261, 2278, 2166, 2068, 2113, 2396, 2160, 2300, -0.71653545, 2300, 2229, 1188, 2248, 2398, 2496, 2543, 1868, -0.72440946, 2031, 2049, 2046, 2120, 2007, 2048, 2173, 1868, -0.71653545, 2261, 2057, 2366, 2441, 2110, 1860, 2489, 2031, -0.72440946, 2031, 2049, 2046, 2120, 2007, 2048, 2173, 1868
32, -0.70866144, 1369, 981, 1999, 2327, 2295, 1119, 2305, 772, -0.70866144, 772, 932, 1136, 914, 1137, 1057, 906, 2482, -0.71653545, 2573, 2400, 2471, 2462, 2436, 2740, 2732, 2482, -0.70866144, 1369, 2406, 1573, 2293, 2280, 2749, 1328, 2573, -0.71653545, 2573, 2400, 2471, 2462, 2436, 2740, 2732, 2482
33, -0.7007874, 1022, 1370, 1152, 983, 1247, 1288, 1151, 1006, -0.7007874, 1006, 924, 684, 1130, 1174, 1140, 1380, 1158, -0.70866144, 904, 1017, 1131, 1168, 1143, 954, 1109, 1158, -0.7007874, 1022, 1200, 1379, 1054, 1402, 1237, 1407, 904, -0.70866144, 904, 1017, 1131, 1168, 1143, 954, 1109, 1158
34, -0.6929134, 895, 877, 1215, 1319, 1226, 834, 1204, 791, -0.6929134, 791, 701, 568, 678, 679, 736, 720, 1024, -0.7007874, 1183, 1219, 1366, 1451, 1436, 1194, 1162, 1024, -0.6929134, 895, 1412, 831, 1209, 1267, 1386, 880, 1183, -0.7007874, 1183, 1219, 1366, 1451, 1436, 1194, 1162, 1024
35, -0.68503934, 481, 645, 1058, 780, 1104, 520, 886, 458, -0.68503934, 458, 707, 1364, 688, 588, 683, 495, 611, -0.6929134, 684, 850, 887, 828, 790, 961, 918, 611, -0.68503934, 481, 758, 660, 725, 935, 796, 673, 684, -0.6929134, 684, 850, 887, 828, 790, 961, 918, 611
36, -0.6771653, 1447, 1310, 645, 589, 523, 1425, 747, 1196, -0.6771653, 1196, 1322, 943, 1327, 1516, 1378, 1316, 594, -0.68503934, 541, 679, 569, 629, 620, 780, 697, 594, -0.6771653, 1447, 520, 1263, 564, 739, 581, 1238, 541, -0.68503934, 541, 679, 569, 629, 620, 780, 697, 594
37, -0.6692913, 829, 904, 1299, 1349, 1488, 1165, 1301, 791, -0.6692913, 791, 1047, 1085, 767, 1046, 788, 761, 1560, -0.6771653, 1488, 1686, 1355, 1186, 1449, 1364, 1320, 1560, -0.6692913, 829, 1376, 909, 1441, 1579, 1439, 874, 1488, -0.6771653, 1488, 1686, 1355, 1186, 1449, 1364, 1320, 1560
38, -0.6614173, 744, 784, 769, 1072, 940, 792, 1013, 732, -0.6614173, 732, 778, 1530, 1135, 897, 939, 831, 875, -0.6692913, 732, 905, 1106, 823, 808, 1121, 1055, 875, -0.6614173, 744, 1051, 917, 879, 929, 896, 912, 732, -0.6692913, 732, 905, 1106, 823, 808, 1121, 1055, 875
39, -0.6535433, 1091, 1331, 771, 956, 1038, 1495, 811, 1045, -0.6535433, 1045, 1141, 693, 1246, 1424, 1417, 1413, 775, -0.6614173, 903, 774, 766, 917, 919, 755, 935, 775, -0.6535433, 1091, 1075, 1715, 992, 913, 802, 1367, 903, -0.6614173, 903, 774, 766, 917, 919, 755, 935, 775
40, -0.6456693, 744, 864, 1787, 1617, 1335, 783, 1269, 902, -0.6456693, 902, 782, 903, 737, 1053, 750, 867, 1185, -0.6535433, 1235, 1106, 1327, 1467, 1350, 1496, 1318, 1185, -0.6456693, 744, 1229, 947, 1381, 960, 1630, 813, 1235, -0.6535433, 1235, 1106, 1327, 1467, 1350, 1496, 1318, 1185
41, -0.63779527, 876, 1156, 991, 816, 1004, 964, 809, 744, -0.63779527, 744, 1056, 1371, 1128, 728, 930, 1069, 845, -0.6456693, 932, 658, 1082, 750, 1166, 773, 947, 845, -0.63779527, 876, 925, 1009, 1156, 963, 824, 881, 932, -0.6456693, 932, 658, 1082, 750, 1166, 773, 947, 845
42, -0.62992126, 997, 1690, 1077, 816, 1055, 1196, 1264, 821, -0.62992126, 821, 1185, 1059, 1465, 1082, 1109, 1229, 864, -0.63779527, 758, 1102, 884, 640, 960, 1157, 715, 864, -0.62992126, 997, 983, 1410, 822, 691, 940, 1053, 758, -0.63779527, 758, 1102, 884, 640, 960, 1157, 715, 864
43, -0.62204725, 1018, 721, 1165, 982, 1173, 1009, 979, 725, -0.62204725, 725, 1100, 1359, 951, 804, 942, 795, 1039, -0.62992126, 1045, 1047, 1365, 1128, 1185, 1089, 995, 1039, -0.62204725, 1018, 1057, 895, 1259, 927, 1209, 869, 1045, -0.62992126, 1045, 1047, 1365, 1128, 1185, 1089, 995, 1039
44, -0.61417323, 1338, 1615, 1154, 886, 1070, 1620, 1039, 1515, -0.61417323, 1515, 1483, 1041, 1213, 1613, 1463, 1199, 708, -0.62204725, 841, 729, 932, 1003, 903, 938, 1178, 708, -0.61417323, 1338, 1014, 1442, 977, 1206, 957, 1286, 841, -0.62204725, 841, 729, 932, 1003, 903, 938, 1178, 708
45, -0.6062992, 755, 829, 1349, 1488, 1715, 931, 1347, 747, -0.6062992, 747, 909, 1065, 853, 721, 1087, 964, 1340, -0.61417323, 1162, 1607, 1324, 1556, 1480, 1577, 1418, 1340, -0.6062992, 755, 1277, 724, 1293, 1825, 1342, 861, 1162, -0.61417323, 1162, 1607, 1324, 1556, 1480, 1577, 1418, 1340
46, -0.5984252, 1009, 958, 1078, 1049, 855, 1156, 988, 920, -0.5984252, 920, 1250, 1492, 1192, 1037, 1135, 851, 805, -0.6062992, 878, 1066, 1071, 1018, 1048, 1169, 1090, 805, -0.5984252, 1009, 827, 1195, 1109, 833, 1090, 959, 878, -0.6062992, 878, 1066, 1071, 1018, 1048, 1169, 1090, 805
47, -0.5905512, 1325, 1501, 1211, 1037, 981, 1492, 1089, 1437, -0.5905512, 1437, 1429, 1398, 1552, 1443, 1655, 1272, 1151, -0.5984252, 1114, 1169, 1043, 1360, 1050, 1497, 938, 1151, -0.5905512, 1325, 1274, 1345, 1073, 908, 1134, 1355, 1114, -0.5984252, 1114, 1169, 1043, 1360, 1050, 1497, 938, 1151
48, -0.5826772, 1559, 1524, 1503, 1630, 1643, 1695, 1503, 1520, -0.5826772, 1520, 1254, 1033, 1385, 1266, 1457, 1197, 1001, -0.5905512, 1053, 1289, 1407, 1301, 1080, 1287, 1431, 1001, -0.5826772, 1559, 1487, 1778, 1278, 1440, 1415, 1622, 1053, -0.5905512, 1053, 1289, 1407, 1301, 1080, 1287, 1431, 1001
49, -0.5748032, 919, 1064, 1576, 1348, 1484, 1210, 1654, 729, -0.5748032, 729, 815, 741, 1092, 1178, 1039, 1066, 1142, -0.5826772, 1373, 1210, 1253, 1527, 1201, 1279, 1116, 1142, -0.5748032, 919, 1303, 1462, 1329, 1398, 1469, 1211, 1373, -0.5826772, 1373, 1210, 1253, 1527, 1201, 1279, 1116, 1142
50, -0.56692916, 779, 1206, 1124, 1163, 999, 905, 1277, 980, -0.56692916, 980, 889, 2449, 964, 904, 883, 992, 971, -0.5748032, 985, 1171, 1212, 1097, 1356, 843, 1137, 971, -0.56692916, 779, 1200, 981, 1350, 1007, 1101, 991, 985, -0.5748032, 985, 1171, 1212, 1097, 1356, 843, 1137, 971
51, -0.5590551, 2159, 2094, 1032, 1085, 1089, 2191, 989, 2303, -0.5590551, 2303, 2441, 964, 2250, 2075, 2056, 2662, 873, -0.56692916, 934, 914, 787, 820, 929, 814, 1016, 873, -0.5590551, 2159, 928, 1749, 962, 830, 830, 2203, 934, -0.56692916, 934, 914, 787, 820, 929, 814, 1016, 873
52, -0.5511811, 1219, 1086, 1961, 2144, 2021, 1240, 2183, 1017, -0.5511811, 1017, 1179, 1524, 1044, 943, 1104, 985, 2125, -0.5590551, 2296, 2115, 2238, 2217, 2275, 2316, 2325, 2125, -0.5511811, 1219, 2370, 936, 2030, 2104, 2231, 1015, 2296, -0.5590551, 2296, 2115, 2238, 2217, 2275, 2316, 2325, 2125
53, -0.54330707, 1347, 1211, 1113, 1381, 1370, 1299, 752, 938, -0.54330707, 938, 1492, 1861, 1433, 1427, 1186, 1177, 890, -0.5511811, 1086, 1130, 1041, 1042, 1032, 1273, 1392, 890, -0.54330707, 1347, 923, 1203, 1176, 1127, 1111, 971, 1086, -0.5511811, 1086, 1130, 1041, 1042, 1032, 1273, 1392, 890
54, -0.53543305, 1698, 1649, 1303, 1577, 1308, 1607, 1075, 1598, -0.53543305, 1598, 1714, 1224, 1831, 1635, 2004, 1728, 1470, -0.54330707, 1037, 1461, 1194, 1268, 1511, 1649, 1254, 1470, -0.53543305, 1698, 1079, 2027, 1703, 1474, 1182, 1701, 1037, -0.54330707, 1037, 1461, 1194, 1268, 1511, 1649, 1254, 1470
55, -0.52755904, 1119, 1590, 1813, 1732, 1667, 1425, 1900, 1657, -0.52755904, 1657, 1587, 625, 1640, 1645, 1385, 1777, 1663, -0.53543305, 1626, 1456, 1671, 2020, 1560, 1502, 1366, 1663, -0.52755904, 1119, 1641, 1240, 1522, 1787, 1657, 1528, 1626, -0.53543305, 1626, 1456, 1671, 2020, 1560, 1502, 1366, 1663
56, -0.51968503, 631, 789, 1431, 1752, 1542, 1024, 1566, 868, -0.51968503, 868, 773, 1074, 929, 1031, 722, 607, 1274, -0.52755904, 1442, 1327, 1395, 1231, 1704, 1234, 1477, 1274, -0.51968503, 631, 1960, 799, 1730, 1742, 1747, 878, 1442, -0.52755904, 1442, 1327, 1395, 1231, 1704, 1234, 1477, 1274
57, -0.511811, 966, 1413, 1090, 924, 780, 1188, 923, 1106, -0.511811, 1106, 910, 1409, 1029, 1068, 1009, 1004, 654, -0.51968503, 825, 786, 757, 1061, 674, 833, 654, 654, -0.511811, 966, 612, 1272, 739, 711, 882, 1390, 825, -0.51968503, 825, 786, 757, 1061, 674, 833, 654, 654
58, -0.503937, 1428, 1602, 1153, 1177, 1369, 1492, 1373, 1349, -0.503937, 1349, 1520, 1017, 1322, 1564, 1325, 1564, 1008, -0.511811, 782, 1032, 1210, 1061, 1150, 980, 980, 1008, -0.503937, 1428, 1102, 1536, 1305, 1268, 1113, 1713, 782, -0.511811, 782, 1032, 1210, 1061, 1150, 980, 980, 1008
59, -0.496063, 821, 901, 1248, 1677, 1486, 1074, 1389, 915, -0.496063, 915, 1043, 1517, 1038, 979, 1011, 967, 1364, -0.503937, 1499, 1578, 1428, 1203, 1363, 1263, 1492, 1364, -0.496063, 821, 1652, 923, 1376, 1378, 1487, 901, 1499, -0.503937, 1499, 1578, 1428, 1203, 1363, 1263, 1492, 1364
60, -0.48818898, 971, 1385, 848, 1027, 1009, 1468, 1133, 1590, -0.48818898, 1590, 1140, 1071, 1742, 1614, 1158, 1544, 959, -0.496063, 699, 1059, 891, 1102, 1137, 1164, 906, 959, -0.48818898, 971, 1193, 979, 1084, 1188, 1059, 1171, 699, -0.496063, 699, 1059, 891, 1102, 1137, 1164, 906, 959
61, -0.48031497, 1203, 1099, 1268, 1689, 1169, 1206, 1301, 1235, -0.48031497, 1235, 1068, 1520, 989, 1092, 1346, 1103, 1463, -0.48818898, 1454, 1225, 1464, 1456, 1586, 1413, 1631, 1463, -0.48031497, 1203, 1485, 1292, 1455, 1155, 1217, 1193, 1454, -0.48818898, 1454, 1225, 1464, 1456, 1586, 1413, 1631, 1463
62, -0.47244096, 1485, 1733, 1354, 1485, 1421, 1375, 1148, 1826, -0.47244096, 1826, 1349, 1037, 1559, 1804, 1424, 1456, 1044, -0.48031497, 1142, 1225, 1335, 1188, 1153, 921, 1472, 1044, -0.47244096, 1485, 1047, 1415, 1112, 913, 1202, 1372, 1142, -0.48031497, 1142, 1225, 1335, 1188, 1153, 921, 1472, 1044
63, -0.46456692, 1172, 1146, 1911, 1909, 1491, 1063, 1409, 1009, -0.46456692, 1009, 1378, 885, 1074, 1012, 1340, 995, 1271, -0.47244096, 1376, 1598, 1274, 1621, 1480, 1448, 1429, 1271, -0.46456692, 1172, 1368, 1148, 1377, 1691, 1388, 1135, 1376, -0.47244096, 1376, 1598, 1274, 1621, 1480, 1448, 1429, 1271
64, -0.4566929, 647, 654, 1006, 1159, 1231, 549, 1093, 865, -0.4566929, 865, 702, 949, 624, 688, 705, 800, 809, -0.46456692, 1004, 1182, 1223, 1206, 1136, 1104, 1092, 809, -0.4566929, 647, 1095, 560, 1016, 1124, 836, 507, 1004, -0.46456692, 1004, 1182, 1223, 1206, 1136, 1104, 1092, 809
65, -0.4488189, 840, 873, 694, 607, 697, 1093, 763, 712, -0.4488189, 712, 929, 441, 858, 956, 1004, 884, 572, -0.4566929, 548, 606, 759, 632, 831, 794, 550, 572, -0.4488189, 840, 623, 855, 858, 738, 581, 803, 548, -0.4566929, 548, 606, 759, 632, 831, 794, 550, 572
66, -0.44094488, 628, 467, 1117, 971, 1033, 528, 1086, 598, -0.44094488, 598, 505, 900, 605, 506, 616, 596, 664, -0.4488189, 743, 946, 792, 939, 862, 865, 785, 664, -0.44094488, 628, 869, 485, 1048, 888, 848, 532, 743, -0.4488189, 743, 946, 792, 939, 862, 865, 785, 664
67, -0.43307087, 913, 890, 553, 522, 640, 792, 582, 666, -0.43307087, 666, 913, 548, 700, 778, 743, 882, 523, -0.44094488, 494, 464, 570, 503, 517, 646, 515, 523, -0.43307087, 913, 490, 1081, 478, 569, 514, 841, 494, -0.44094488, 494, 464, 570, 503, 517, 646, 515, 523
68, -0.42519686, 422, 576, 921, 799, 1049, 468, 875, 505, -0.42519686, 505, 443, 931, 470, 490, 467, 437, 702, -0.43307087, 749, 944, 684, 991, 831, 782, 832, 702, -0.42519686, 422, 782, 455, 760, 942, 704, 452, 749, -0.43307087, 749, 944, 684, 991, 831, 782, 832, 702
69, -0.41732284, 888, 897, 538, 469, 520, 981, 523, 824, -0.41732284, 824, 943, 413, 925, 838, 925, 889, 413, -0.42519686, 418, 556, 504, 496, 508, 544, 464, 413, -0.41732284, 888, 499, 1002, 411, 510, 456, 864, 418, -0.42519686, 418, 556, 504, 496, 508, 544, 464, 413
70, -0.40944883, 347, 385, 996, 809, 1022, 499, 721, 411, -0.40944883, 411, 620, 561, 503, 455, 532, 525, 880, -0.41732284, 863, 1024, 1017, 1012, 992, 1105, 855, 880, -0.40944883, 347, 820, 502, 889, 899, 1071, 473, 863, -0.41732284, 863, 1024, 1017, 1012, 992, 1105, 855, 880
71, -0.4015748, 555, 551, 441, 398, 357, 637, 476, 575, -0.4015748, 575, 551, 701, 618, 564, 576, 532, 433, -0.40944883, 340, 555, 489, 453, 488, 432, 469, 433, -0.4015748, 555, 506, 626, 399, 445, 472, 505, 340, -0.40944883, 340, 555, 489, 453, 488, 432, 469, 433
72, -0.39370078, 608, 815, 564, 607, 579, 546, 599, 667, -0.39370078, 667, 618, 410, 607, 811, 529, 617, 573, -0.4015748, 536, 578, 626, 627, 648, 521, 530, 573, -0.39370078, 608, 497, 642, 518, 635, 586, 503, 536, -0.4015748, 536, 578, 626, 627, 648, 521, 530, 573
73, -0.38582677, 503, 502, 690, 702, 706, 509, 748, 625, -0.38582677, 625, 432, 442, 457, 489, 549, 422, 530, -0.39370078, 661, 670, 687, 605, 637, 573, 629, 530, -0.38582677, 503, 747, 380, 684, 731, 736, 477, 661, -0.39370078, 661, 670, 687, 605, 637, 573, 629, 530
74, -0.37795275, 419, 525, 493, 511, 496, 448, 465, 467, -0.37795275, 467, 420, 763, 479, 474, 451, 442, 524, -0.38582677, 383, 386, 359, 403, 418, 491, 444, 524, -0.37795275, 419, 472, 566, 458, 434, 397, 489, 383, -0.38582677, 383, 386, 359, 403, 418, 491, 444, 524
75, -0.37007874, 707, 786, 497, 471, 448, 668, 557, 570, -0.37007874, 570, 611, 398, 674, 637, 690, 799, 399, -0.37795275, 369, 412, 567, 469, 428, 459, 332, 399, -0.37007874, 707, 433, 632, 476, 591, 418, 650, 369, -0.37795275, 369, 412, 567, 469, 428, 459, 332, 399
76, -0.36220473, 413, 412, 696, 734, 788, 483, 662, 363, -0.36220473, 363, 493, 769, 402, 465, 475, 456, 816, -0.37007874, 632, 714, 689, 803, 699, 739, 717, 816, -0.36220473, 413, 687, 402, 626, 575, 692, 398, 632, -0.37007874, 632, 714, 689, 803, 699, 739, 717, 816
77, -0.35433072, 786, 869, 389, 493, 506, 885, 436, 876, -0.35433072, 876, 875, 638, 816, 992, 887, 835, 442, -0.36220473, 364, 426, 368, 440, 526, 384, 446, 442, -0.35433072, 786, 404, 775, 371, 499, 441, 792, 364, -0.36220473, 364, 426, 368, 440, 526, 384, 446, 442
78, -0.3464567, 485, 640, 889, 851, 838, 701, 859, 645, -0.3464567, 645, 577, 882, 647, 822, 688, 654, 888, -0.35433072, 824, 882, 813, 826, 816, 865, 966, 888, -0.3464567, 485, 778, 629, 767, 809, 777, 633, 824, -0.35433072, 824, 882, 813, 826, 816, 865, 966, 888
79, -0.33858266, 764, 699, 688, 723, 716, 847, 603, 859, -0.33858266, 859, 817, 424, 908, 811, 576, 719, 645, -0.3464567, 639, 660, 634, 816, 570, 697, 751, 645, -0.33858266, 764, 600, 687, 741, 678, 700, 862, 639, -0.3464567, 639, 660, 634, 816, 570, 697, 751, 645
80, -0.33070865, 474, 485, 729, 775, 739, 473, 867, 507, -0.33070865, 507, 488, 436, 610, 443, 594, 520, 819, -0.33858266, 606, 734, 827, 926, 904, 670, 792, 819, -0.33070865, 474, 835, 500, 722, 830, 776, 485, 606, -0.33858266, 606, 734, 827, 926, 904, 670, 792, 819
81, -0.32283464, 432, 412, 575, 470, 403, 516, 457, 466, -0.32283464, 466, 425, 680, 554, 416, 430, 494, 596, -0.33070865, 451, 692, 473, 438, 456, 574, 463, 596, -0.32283464, 432, 441, 393, 407, 428, 448, 540, 451, -0.33070865, 451, 692, 473, 438, 456, 574, 463, 596
82, -0.31496063, 614, 767, 516, 431, 374, 630, 515, 657, -0.31496063, 657, 640, 427, 708, 660, 676, 722, 386, -0.32283464, 384, 434, 401, 410, 411, 407, 383, 386, -0.31496063, 614, 576, 619, 465, 474, 464, 698, 384, -0.32283464, 384, 434, 401, 410, 411, 407, 383, 386
83, -0.30708662, 476, 447, 643, 681, 590, 371, 648, 451, -0.30708662, 451, 452, 449, 440, 474, 463, 441, 627, -0.31496063, 659, 827, 669, 794, 729, 665, 648, 627, -0.30708662, 476, 613, 439, 734, 685, 659, 428, 659, -0.31496063, 659, 827, 669, 794, 729, 665, 648, 627
84, -0.2992126, 449, 361, 343, 423, 422, 318, 377, 471, -0.2992126, 471, 592, 322, 423, 427, 449, 357, 446, -0.30708662, 412, 419, 497, 447, 447, 472, 482, 446, -0.2992126, 449, 372, 395, 404, 528, 452, 401, 412, -0.30708662, 412, 419, 497, 447, 447, 472, 482, 446
85, -0.2913386, 363, 324, 405, 363, 359, 305, 431, 421, -0.2913386, 421, 386, 330, 401, 376, 320, 302, 422, -0.2992126, 457, 414, 415, 444, 380, 449, 519, 422, -0.2913386, 363, 450, 348, 422, 437, 435, 369, 457, -0.2992126, 457, 414, 415, 444, 380, 449, 519, 422
86, -0.28346458, 386, 444, 337, 342, 344, 353, 331, 376, -0.28346458, 376, 439, 618, 377, 395, 394, 372, 455, -0.2913386, 406, 426, 355, 427, 377, 446, 421, 455, -0.28346458, 386, 397, 334, 480, 321, 367, 407, 406, -0.2913386, 406, 426, 355, 427, 377, 446, 421, 455
87, -0.27559054, 556, 608, 340, 356, 361, 515, 320, 676, -0.27559054, 676, 720, 460, 577, 687, 701, 730, 329, -0.28346458, 338, 384, 364, 325, 313, 311, 333, 329, -0.27559054, 556, 354, 524, 301, 358, 336, 643, 338, -0.28346458, 338, 384, 364, 325, 313, 311, 333, 329
88, -0.26771653, 380, 291, 612, 614, 629, 417, 587, 401, -0.26771653, 401, 433, 358, 358, 358, 390, 381, 632, -0.27559054, 693, 701, 729, 617, 671, 635, 665, 632, -0.26771653, 380, 626, 378, 662, 680, 589, 355, 693, -0.27559054, 693, 701, 729, 617, 671, 635, 665, 632
89, -0.25984251, 396, 286, 339, 304, 311, 331, 412, 311, -0.25984251, 311, 313, 279, 265, 325, 332, 392, 339, -0.26771653, 357, 386, 300, 380, 369, 391, 378, 339, -0.25984251, 396, 414, 424, 364, 368, 401, 401, 357, -0.26771653, 357, 386, 300, 380, 369, 391, 378, 339
90, -0.2519685, 276, 296, 312, 294, 360, 344, 450, 330, -0.2519685, 330, 355, 245, 320, 286, 270, 249, 327, -0.25984251, 365, 370, 355, 351, 418, 364, 365, 327, -0.2519685, 276, 321, 240, 290, 369, 334, 275, 365, -0.25984251, 365, 370, 355, 351, 418, 364, 365, 327
91, -0.24409449, 211, 256, 203, 259, 301, 263, 315, 302, -0.24409449, 302, 273, 174, 273, 315, 320, 237, 307, -0.2519685, 284, 317, 310, 292, 379, 251, 322, 307, -0.24409449, 211, 222, 256, 299, 303, 308, 201, 284, -0.2519685, 284, 317, 310, 292, 379, 251, 322, 307
92, -0.23622048, 228, 240, 266, 235, 258, 200, 240, 213, -0.23622048, 213, 238, 209, 296, 269, 243, 308, 266, -0.24409449, 271, 358, 329, 289, 290, 343, 338, 266, -0.23622048, 228, 267, 174, 276, 240, 280, 252, 271, -0.24409449, 271, 358, 329, 289, 290, 343, 338, 266
93, -0.22834645, 276, 172, 240, 241, 220, 150, 248, 243, -0.22834645, 243, 359, 226, 241, 228, 244, 266, 244, -0.23622048, 321, 293, 260, 294, 255, 215, 307, 244, -0.22834645, 276, 195, 226, 287, 222, 239, 227, 321, -0.23622048, 321, 293, 260, 294, 255, 215, 307, 244
94, -0.22047244, 205, 197, 220, 235, 147, 242, 193, 160, -0.22047244, 160, 231, 464, 264, 339, 278, 211, 216, -0.22834645, 364, 217, 221, 167, 237, 218, 177, 216, -0.22047244, 205, 349, 236, 310, 226, 195, 199, 364, -0.22834645, 364, 217, 221, 167, 237, 218, 177, 216
95, -0.21259843, 348, 410, 192, 197, 163, 444, 182, 455, -0.21259843, 455, 526, 315, 460, 515, 532, 476, 211, -0.22047244, 266, 218, 258, 233, 228, 220, 234, 211, -0.21259843, 348, 242, 471, 230, 190, 203, 494, 266, -0.22047244, 266, 218, 258, 233, 228, 220, 234, 211
96, -0.20472442, 397, 389, 346, 341, 286, 360, 365, 398, -0.20472442, 398, 374, 187, 410, 512, 356, 347, 684, -0.21259843, 508, 507, 557, 696, 530, 545, 495, 684, -0.20472442, 397, 456, 209, 466, 448, 443, 263, 508, -0.21259843, 508, 507, 557, 696, 530, 545, 495, 684
97, -0.19685039, 188, 237, 380, 398, 259, 168, 330, 246, -0.19685039, 246, 210, 236, 234, 227, 219, 272, 373, -0.20472442, 337, 376, 414, 249, 311, 324, 319, 373, -0.19685039, 188, 253, 180, 281, 300, 239, 259, 337, -0.20472442, 337, 376, 414, 249, 311, 324, 319, 373
98, -0.18897638, 255, 184, 187, 173, 163, 218, 181, 167, -0.18897638, 167, 263, 201, 298, 331, 291, 338, 250, -0.19685039, 246, 262, 300, 248, 267, 309, 374, 250, -0.18897638, 255, 166, 164, 222, 215, 284, 373, 246, -0.19685039, 246, 262, 300, 248, 267, 309, 374, 250
99, -0.18110237, 139, 197, 238, 214, 198, 218, 187, 176, -0.18110237, 176, 151, 130, 161, 138, 180, 170, 328, -0.18897638, 299, 326, 343, 333, 290, 279, 246, 328, -0.18110237, 139, 318, 127, 272, 285, 317, 153, 299, -0.18897638, 299, 326, 343, 333, 290, 279, 246, 328
100, -0.17322835, 184, 175, 166, 171, 121, 173, 199, 198, -0.17322835, 198, 157, 107, 205, 187, 166, 197, 166, -0.18110237, 236, 199, 195, 170, 186, 222, 188, 166, -0.17322835, 184, 161, 141, 173, 234, 142, 265, 236, -0.18110237, 236, 199, 195, 170, 186, 222, 188, 166
101, -0.16535433, 208, 118, 135, 189, 145, 150, 130, 181, -0.16535433, 181, 153, 391, 139, 153, 142, 162, 256, -0.17322835, 283, 205, 194, 207, 259, 179, 155, 256, -0.16535433, 208, 165, 153, 204, 185, 167, 227, 283, -0.17322835, 283, 205, 194, 207, 259, 179, 155, 256
102, -0.15748031, 368, 353, 126, 134, 123, 374, 119, 367, -0.15748031, 367, 384, 188, 344, 359, 352, 382, 183, -0.16535433, 185, 198, 212, 213, 162, 213, 171, 183, -0.15748031, 368, 159, 430, 206, 155, 165, 507, 185, -0.16535433, 185, 198, 212, 213, 162, 213, 171, 183
103, -0.1496063, 160, 192, 390, 318, 363, 204, 348, 154, -0.1496063, 154, 164, 177, 154, 102, 157, 225, 433, -0.15748031, 463, 366, 415, 403, 372, 443, 385, 433, -0.1496063, 160, 398, 198, 390, 387, 437, 179, 463, -0.15748031, 463, 366, 415, 403, 372, 443, 385, 433
104, -0.14173229, 214, 125, 234, 199, 216, 177, 157, 185, -0.14173229, 185, 160, 131, 134, 158, 182, 206, 210, -0.1496063, 246, 224, 227, 212, 208, 181, 162, 210, -0.14173229, 214, 170, 187, 131, 111, 190, 174, 246, -0.1496063, 246, 224, 227, 212, 208, 181, 162, 210
105, -0.13385826, 110, 143, 177, 153, 149, 88, 149, 99, -0.13385826, 99, 97, 108, 103, 116, 152, 208, 208, -0.14173229, 285, 170, 177, 207, 208, 202, 155, 208, -0.13385826, 110, 170, 159, 188, 174, 182, 200, 285, -0.14173229, 285, 170, 177, 207, 208, 202, 155, 208
106, -0.12598425, 64, 89, 90, 91, 90, 134, 105, 80, -0.12598425, 80, 75, 126, 106, 76, 112, 95, 110, -0.13385826, 208, 190, 133, 110, 127, 111, 112, 110, -0.12598425, 64, 104, 163, 165, 119, 161, 115, 208, -0.13385826, 208, 190, 133, 110, 127, 111, 112, 110
107, -0.11811024, 84, 96, 95, 73, 89, 66, 62, 63, -0.11811024, 63, 72, 81, 95, 104, 149, 86, 141, -0.12598425, 155, 111, 145, 119, 158, 160, 112, 141, -0.11811024, 84, 69, 98, 133, 104, 95, 109, 155, -0.12598425, 155, 111, 145, 119, 158, 160, 112, 141
108, -0.11023622, 124, 58, 87, 83, 72, 100, 84, 66, -0.11023622, 66, 77, 135, 79, 88, 87, 77, 153, -0.11811024, 122, 97, 108, 89, 95, 149, 123, 153, -0.11023622, 124, 94, 101, 86, 79, 87, 116, 122, -0.11811024, 122, 97, 108, 89, 95, 149, 123, 153
109, -0.10236221, 77, 59, 67, 59, 84, 92, 49, 120, -0.10236221, 120, 93, 136, 141, 154, 162, 118, 80, -0.11023622, 112, 120, 98, 90, 73, 109, 123, 80, -0.10236221, 77, 66, 96, 106, 98, 127, 76, 112, -0.11023622, 112, 120, 98, 90, 73, 109, 123, 80
110, -0.09448819, 118, 64, 65, 82, 84, 73, 72, 124, -0.09448819, 124, 64, 264, 106, 88, 101, 121, 149, -0.10236221, 96, 72, 106, 83, 102, 122, 105, 149, -0.09448819, 118, 80, 125, 82, 147, 78, 102, 96, -0.10236221, 96, 72, 106, 83, 102, 122, 105, 149
111, -0.08661418, 217, 169, 61, 60, 79, 226, 86, 252, -0.08661418, 252, 211, 82, 191, 240, 255, 282, 90, -0.09448819, 93, 63, 120, 91, 89, 88, 70, 90, -0.08661418, 217, 68, 271, 96, 100, 98, 277, 93, -0.09448819, 93, 63, 120, 91, 89, 88, 70, 90
112, -0.07874016, 48, 55, 217, 220, 214, 63, 213, 57, -0.07874016, 57, 60, 58, 46, 54, 54, 82, 301, -0.08661418, 277, 254, 253, 273, 246, 283, 240, 301, -0.07874016, 48, 218, 68, 204, 249, 256, 95, 277, -0.08661418, 277, 254, 253, 273, 246, 283, 240, 301
113, -0.070866145, 44, 28, 58, 52, 49, 54, 68, 52, -0.070866145, 52, 94, 54, 77, 50, 57, 64, 58, -0.07874016, 91, 55, 64, 57, 51, 49, 53, 58, -0.070866145, 44, 69, 34, 74, 59, 90, 64, 91, -0.07874016, 91, 55, 64, 57, 51, 49, 53, 58
114, -0.062992126, 62, 61, 52, 51, 45, 81, 49, 61, -0.062992126, 61, 42, 46, 87, 25, 57, 46, 81, -0.070866145, 60, 72, 56, 52, 51, 55, 46, 81, -0.062992126, 62, 73, 74, 62, 52, 61, 35, 60, -0.070866145, 60, 72, 56, 52, 51, 55, 46, 81
115, -0.05511811, 39, 50, 101, 67, 64, 41, 64, 29, -0.05511811, 29, 41, 24, 49, 35, 25, 47, 66, -0.062992126, 47, 43, 51, 38, 50, 55, 44, 66, -0.05511811, 39, 41, 53, 51, 39, 57, 30, 47, -0.062992126, 47, 43, 51, 38, 50, 55, 44, 66
116, -0.047244094, 58, 70, 45, 42, 91, 63, 27, 46, -0.047244094, 46, 28, 45, 22, 51, 32, 34, 27, -0.05511811, 38, 35, 26, 74, 84, 24, 26, 27, -0.047244094, 58, 28, 43, 44, 51, 27, 32, 38, -0.05511811, 38, 35, 26, 74, 84, 24, 26, 27
117, -0.03937008, 58, 66, 62, 75, 53, 73, 48, 57, -0.03937008, 57, 49, 37, 46, 86, 69, 34, 25, -0.047244094, 32, 31, 49, 23, 18, 51, 42, 25, -0.03937008, 58, 45, 54, 23, 59, 38, 39, 32, -0.047244094, 32, 31, 49, 23, 18, 51, 42, 25
118, -0.031496063, 22, 22, 65, 66, 78, 14, 69, 43, -0.031496063, 43, 20, 41, 47, 23, 40, 44, 54, -0.03937008, 61, 31, 51, 43, 42, 46, 62, 54, -0.031496063, 22, 46, 62, 69, 61, 65, 39, 61, -0.03937008, 61, 31, 51, 43, 42, 46, 62, 54
119, -0.023622047, 18, 21, 23, 22, 29, 26, 45, 19, -0.023622047, 19, 27, 46, 35, 31, 28, 66, 22, -0.031496063, 30, 19, 33, 36, 37, 37, 38, 22, -0.023622047, 18, 22, 43, 39, 27, 23, 33, 30, -0.031496063, 30, 19, 33, 36, 37, 37, 38, 22
120, -0.015748031, 30, 40, 20, 18, 15, 53, 27, 18, -0.015748031, 18, 22, 47, 22, 31, 25, 40, 42, -0.023622047, 37, 33, 48, 35, 31, 41, 42, 42, -0.015748031, 30, 31, 32, 23, 28, 28, 21, 37, -0.023622047, 37, 33, 48, 35, 31, 41, 42, 42
121, -0.007874016, 40, 25, 17, 21, 34, 63, 31, 41, -0.007874016, 41, 35, 46600, 29, 53, 43, 53, 36, -0.015748031, 33, 32, 37, 10, 28, 40, 38, 36, -0.007874016, 40, 27, 40, 15, 15, 42, 31, 33, -0.015748031, 33, 32, 37, 10, 28, 40, 38, 36
122, 0, 52702, 46443, 56, 24, 25, 45072, 40, 52788, 0, 52788, 47046, 42, 44885, 44963, 46475, 47614, 44, -0.007874016, 44, 29, 31, 20, 15, 44, 19, 44, 0, 52702, 36, 46272, 50, 56, 46, 47051, 44, -0.007874016, 44, 29, 31, 20, 15, 44, 19, 44
123, 0.007874016, 38, 37, 45339, 44278, 44165, 61, 47143, 27, 0.007874016, 27, 37, 41, 35, 47, 62, 53, 52858, 0, 52292, 45898, 44322, 44011, 44004, 45053, 46733, 52858, 0.007874016, 38, 46632, 56, 44784, 44700, 46435, 44, 52292, 0, 52292, 45898, 44322, 44011, 44004, 45053, 46733, 52858
124, 0.015748031, 35, 49, 62, 20, 29, 33, 55, 30, 0.015748031, 30, 41, 72, 33, 77, 39, 56, 21, 0.007874016, 22, 37, 51, 42, 53, 63, 50, 21, 0.015748031, 35, 49, 52, 36, 51, 30, 36, 22, 0.007874016, 22, 37, 51, 42, 53, 63, 50, 21
125, 0.023622047, 41, 41, 47, 41, 43, 42, 54, 32, 0.023622047, 32, 47, 45, 31, 72, 33, 47, 46, 0.015748031, 90, 37, 41, 43, 40, 54, 44, 46, 0.023622047, 41, 67, 48, 55, 49, 28, 39, 90, 0.015748031, 90, 37, 41, 43, 40, 54, 44, 46
126, 0.031496063, 32, 62, 51, 46, 57, 56, 66, 62, 0.031496063, 62, 116, 86, 53, 34, 69, 83, 44, 0.023622047, 43, 27, 35, 55, 66, 38, 54, 44, 0.031496063, 32, 51, 40, 76, 70, 47, 68, 43, 0.023622047, 43, 27, 35, 55, 66, 38, 54, 44
127, 0.03937008, 100, 47, 61, 45, 58, 37, 51, 87, 0.03937008, 87, 56, 68, 61, 53, 54, 31, 58, 0.031496063, 42, 36, 46, 48, 31, 28, 52, 58, 0.03937008, 100, 49, 64, 59, 55, 29, 54, 42, 0.031496063, 42, 36, 46, 48, 31, 28, 52, 58
128, 0.047244094, 69, 69, 31, 61, 63, 72, 48, 72, 0.047244094, 72, 56, 86, 70, 80, 79, 49, 66, 0.03937008, 78, 41, 31, 59, 59, 33, 41, 66, 0.047244094, 69, 72, 67, 64, 102, 93, 44, 78, 0.03937008, 78, 41, 31, 59, 59, 33, 41, 66
129, 0.05511811, 134, 82, 68, 55, 77, 83, 62, 103, 0.05511811, 103, 96, 137, 177, 77, 91, 93, 96, 0.047244094, 114, 34, 51, 60, 70, 53, 62, 96, 0.05511811, 134, 56, 87, 87, 48, 71, 62, 114, 0.047244094, 114, 34, 51, 60, 70, 53, 62, 96
130, 0.062992126, 149, 90, 54, 177, 138, 136, 70, 156, 0.062992126, 156, 189, 127, 173, 111, 104, 122, 100, 0.05511811, 82, 62, 37, 89, 109, 48, 54, 100, 0.062992126, 149, 88, 141, 154, 122, 69, 124, 82, 0.05511811, 82, 62, 37, 89, 109, 48, 54, 100
131, 0.070866145, 133, 126, 151, 179, 172, 94, 97, 162, 0.070866145, 162, 154, 133, 187, 109, 135, 159, 167, 0.062992126, 167, 50, 84, 99, 102, 60, 76, 167, 0.070866145, 133, 141, 120, 156, 76, 105, 137, 167, 0.062992126, 167, 50, 84, 99, 102, 60, 76, 167
132, 0.07874016, 141, 102, 108, 130, 87, 125, 98, 116, 0.07874016, 116, 112, 185, 158, 146, 131, 138, 149, 0.070866145, 115, 90, 99, 97, 123, 104, 90, 149, 0.07874016, 141, 156, 139, 167, 138, 156, 189, 115, 0.070866145, 115, 90, 99, 97, 123, 104, 90, 149
133, 0.08661418, 115, 97, 103, 128, 116, 70, 117, 111, 0.08661418, 111, 77, 125, 108, 139, 158, 137, 128, 0.07874016, 181, 125, 84, 112, 112, 108, 92, 128, 0.08661418, 115, 116, 99, 157, 137, 154, 111, 181, 0.07874016, 181, 125, 84, 112, 112, 108, 92, 128
134, 0.09448819, 145, 130, 69, 112, 110, 101, 110, 151, 0.09448819, 151, 123, 264, 177, 181, 129, 136, 187, 0.08661418, 207, 97, 58, 101, 69, 68, 112, 187, 0.09448819, 145, 127, 165, 99, 116, 137, 123, 207, 0.08661418, 207, 97, 58, 101, 69, 68, 112, 187
135, 0.10236221, 288, 133, 132, 120, 140, 203, 106, 320, 0.10236221, 320, 271, 201, 281, 264, 414, 321, 142, 0.09448819, 157, 150, 172, 152, 153, 131, 127, 142, 0.10236221, 288, 145, 237, 158, 170, 138, 239, 157, 0.09448819, 157, 150, 172, 152, 153, 131, 127, 142
136, 0.11023622, 160, 128, 173, 213, 202, 144, 174, 222, 0.11023622, 222, 170, 282, 187, 168, 214, 195, 358, 0.10236221, 315, 292, 200, 228, 208, 179, 241, 358, 0.11023622, 160, 236, 199, 297, 285, 319, 138, 315, 0.10236221, 315, 292, 200, 228, 208, 179, 241, 358
137, 0.11811024, 242, 272, 161, 216, 160, 266, 140, 281, 0.11811024, 281, 267, 230, 380, 385, 325, 324, 254, 0.11023622, 220, 109, 139, 158, 127, 109, 122, 254, 0.11811024, 242, 144, 340, 183, 158, 146, 308, 220, 0.11023622, 220, 109, 139, 158, 127, 109, 122, 254
138, 0.12598425, 211, 158, 219, 292, 248, 121, 216, 246, 0.12598425, 246, 152, 137, 200, 177, 181, 173, 316, 0.11811024, 373, 270, 267, 302, 299, 304, 255, 316, 0.12598425, 211, 267, 214, 293, 319, 368, 207, 373, 0.11811024, 373, 270, 267, 302, 299, 304, 255, 316
139, 0.13385826, 149, 145, 175, 151, 144, 108, 149, 151, 0.13385826, 151, 157, 151, 152, 168, 213, 220, 243, 0.12598425, 204, 212, 128, 162, 163, 162, 174, 243, 0.13385826, 149, 171, 150, 206, 197, 170, 250, 204, 0.12598425, 204, 212, 128, 162, 163, 162, 174, 243
140, 0.14173229, 107, 150, 101, 149, 111, 133, 147, 144, 0.14173229, 144, 150, 179, 131, 184, 256, 154, 236, 0.13385826, 204, 110, 156, 131, 156, 137, 85, 236, 0.14173229, 107, 153, 170, 158, 140, 173, 225, 204, 0.13385826, 204, 110, 156, 131, 156, 137, 85, 236
141, 0.1496063, 100, 187, 114, 107, 124, 163, 141, 223, 0.1496063, 223, 165, 194, 185, 173, 137, 200, 166, 0.14173229, 138, 134, 142, 122, 96, 137, 113, 166, 0.1496063, 100, 144, 146, 129, 109, 200, 198, 138, 0.14173229, 138, 134, 142, 122, 96, 137, 113, 166
142, 0.15748031, 141, 134, 115, 98, 122, 132, 158, 203, 0.15748031, 203, 153, 227, 156, 157, 200, 210, 283, 0.1496063, 209, 183, 146, 161, 184, 129, 115, 283, 0.15748031, 141, 266, 148, 112, 160, 143, 146, 209, 0.1496063, 209, 183, 146, 161, 184, 129, 115, 283
143, 0.16535433, 230, 210, 128, 166, 173, 206, 149, 202, 0.16535433, 202, 169, 210, 273, 235, 204, 255, 182, 0.15748031, 278, 175, 182, 173, 137, 155, 166, 182, 0.16535433, 230, 187, 185, 164, 163, 219, 207, 278, 0.15748031, 278, 175, 182, 173, 137, 155, 166, 182
144, 0.17322835, 242, 156, 191, 138, 182, 194, 158, 192, 0.17322835, 192, 194, 291, 299, 245, 216, 283, 179, 0.16535433, 317, 203, 218, 228, 240, 196, 229, 179, 0.17322835, 242, 183, 181, 202, 215, 217, 264, 317, 0.16535433, 317, 203, 218, 228, 240, 196, 229, 179
145, 0.18110237, 243, 205, 142, 175, 154, 230, 158, 272, 0.18110237, 272, 285, 208, 296, 235, 309, 320, 344, 0.17322835, 170, 173, 259, 214, 220, 214, 189, 344, 0.18110237, 243, 173, 283, 211, 159, 287, 239, 170, 0.17322835, 170, 173, 259, 214, 220, 214, 189, 344
146, 0.18897638, 223, 160, 146, 198, 210, 173, 183, 252, 0.18897638, 252, 267, 246, 247, 273, 303, 243, 358, 0.18110237, 247, 190, 238, 229, 251, 216, 216, 358, 0.18897638, 223, 181, 173, 261, 260, 244, 253, 247, 0.18110237, 247, 190, 238, 229, 251, 216, 216, 358
147, 0.19685039, 231, 158, 207, 185, 165, 147, 182, 204, 0.19685039, 204, 199, 431, 220, 314, 248, 259, 221, 0.18897638, 223, 188, 169, 242, 240, 257, 156, 221, 0.19685039, 231, 213, 199, 263, 210, 198, 217, 223, 0.18897638, 223, 188, 169, 242, 240, 257, 156, 221
148, 0.20472442, 326, 337, 174, 152, 199, 353, 155, 363, 0.20472442, 363, 455, 236, 474, 391, 442, 482, 233, 0.19685039, 246, 224, 209, 248, 267, 184, 239, 233, 0.20472442, 326, 159, 385, 242, 274, 242, 468, 246, 0.19685039, 246, 224, 209, 248, 267, 184, 239, 233
149, 0.21259843, 203, 177, 282, 393, 272, 272, 359, 310, 0.21259843, 310, 340, 291, 307, 255, 259, 191, 530, 0.20472442, 523, 440, 403, 497, 403, 345, 402, 530, 0.21259843, 203, 407, 239, 447, 391, 360, 234, 523, 0.20472442, 523, 440, 403, 497, 403, 345, 402, 530
150, 0.22047244, 250, 208, 219, 221, 189, 215, 172, 293, 0.22047244, 293, 315, 406, 265, 321, 226, 347, 346, 0.21259843, 262, 257, 283, 329, 221, 282, 270, 346, 0.22047244, 250, 257, 246, 297, 278, 252, 256, 262, 0.21259843, 262, 257, 283, 329, 221, 282, 270, 346
151, 0.22834645, 380, 329, 180, 251, 239, 342, 218, 357, 0.22834645, 357, 366, 316, 383, 442, 356, 335, 360, 0.22047244, 346, 281, 316, 342, 256, 237, 232, 360, 0.22834645, 380, 236, 390, 308, 236, 271, 395, 346, 0.22047244, 346, 281, 316, 342, 256, 237, 232, 360
152, 0.23622048, 236, 281, 345, 266, 331, 206, 397, 231, 0.23622048, 231, 266, 597, 385, 327, 280, 359, 430, 0.22834645, 388, 390, 300, 342, 255, 414, 325, 430, 0.23622048, 236, 464, 311, 338, 487, 373, 324, 388, 0.22834645, 388, 390, 300, 342, 255, 414, 325, 430
153, 0.24409449, 451, 422, 244, 228, 202, 499, 272, 655, 0.24409449, 655, 622, 365, 522, 627, 575, 651, 288, 0.23622048, 275, 425, 275, 315, 357, 326, 246, 288, 0.24409449, 451, 290, 388, 404, 212, 335, 495, 275, 0.23622048, 275, 425, 275, 315, 357, 326, 246, 288
154, 0.2519685, 300, 286, 517, 440, 480, 274, 507, 350, 0.2519685, 350, 395, 244, 402, 425, 399, 450, 547, 0.24409449, 550, 511, 458, 525, 500, 443, 513, 547, 0.2519685, 300, 488, 340, 409, 453, 449, 420, 550, 0.24409449, 550, 511, 458, 525, 500, 443, 513, 547
155, 0.25984251, 215, 223, 242, 357, 316, 232, 240, 301, 0.25984251, 301, 198, 451, 325, 247, 258, 300, 367, 0.2519685, 323, 364, 300, 471, 493, 334, 312, 367, 0.25984251, 215, 355, 237, 370, 308, 297, 320, 323, 0.2519685, 323, 364, 300, 471, 493, 334, 312, 367
156, 0.26771653, 470, 362, 200, 234, 243, 303, 208, 443, 0.26771653, 443, 414, 280, 433, 435, 447, 482, 209, 0.25984251, 316, 211, 385, 343, 293, 316, 279, 209, 0.26771653, 470, 217, 451, 279, 233, 247, 488, 316, 0.25984251, 316, 211, 385, 343, 293, 316, 279, 209
157, 0.27559054, 312, 243, 324, 469, 452, 281, 361, 414, 0.27559054, 414, 314, 288, 284, 383, 365, 336, 512, 0.26771653, 470, 440, 498, 423, 389, 494, 406, 512, 0.27559054, 312, 341, 333, 411, 548, 364, 404, 470, 0.26771653, 470, 440, 498, 423, 389, 494, 406, 512
158, 0.28346458, 299, 360, 227, 204, 215, 240, 258, 332, 0.28346458, 332, 425, 301, 329, 348, 348, 388, 377, 0.27559054, 360, 388, 326, 272, 261, 327, 308, 377, 0.28346458, 299, 301, 281, 271, 282, 356, 314, 360, 0.27559054, 360, 388, 326, 272, 261, 327, 308, 377
159, 0.2913386, 337, 351, 339, 348, 247, 347, 307, 325, 0.2913386, 325, 334, 519, 364, 364, 364, 275, 385, 0.28346458, 323, 314, 299, 296, 332, 391, 325, 385, 0.2913386, 337, 427, 351, 285, 394, 352, 302, 323, 0.28346458, 323, 314, 299, 296, 332, 391, 325, 385
160, 0.2992126, 582, 630, 281, 292, 274, 436, 314, 455, 0.2992126, 455, 611, 668, 507, 437, 531, 532, 397, 0.2913386, 440, 385, 408, 419, 483, 317, 319, 397, 0.2992126, 582, 340, 421, 456, 474, 422, 387, 440, 0.2913386, 440, 385, 408, 419, 483, 317, 319, 397
161, 0.30708662, 757, 758, 487, 507, 478, 672, 662, 727, 0.30708662, 727, 849, 529, 801, 832, 729, 720, 518, 0.2992126, 556, 563, 549, 541, 553, 452, 559, 518, 0.30708662, 757, 597, 776, 486, 439, 525, 759, 556, 0.2992126, 556, 563, 549, 541, 553, 452, 559, 518
162, 0.31496063, 542, 570, 683, 796, 746, 531, 771, 539, 0.31496063, 539, 552, 558, 705, 687, 571, 488, 803, 0.30708662, 943, 799, 814, 885, 787, 1021, 691, 803, 0.31496063, 542, 738, 589, 833, 743, 693, 490, 943, 0.30708662, 943, 799, 814, 885, 787, 1021, 691, 803
163, 0.32283464, 529, 390, 562, 460, 543, 429, 529, 476, 0.32283464, 476, 655, 524, 510, 491, 452, 512, 493, 0.31496063, 740, 632, 647, 523, 570, 627, 590, 493, 0.32283464, 529, 516, 565, 540, 571, 384, 499, 740, 0.31496063, 740, 632, 647, 523, 570, 627, 590, 493
164, 0.33070865, 551, 486, 500, 376, 418, 463, 537, 627, 0.33070865, 627, 516, 672, 378, 542, 518, 432, 507, 0.32283464, 467, 594, 394, 420, 430, 405, 514, 507, 0.33070865, 551, 537, 445, 610, 357, 430, 489, 467, 0.32283464, 467, 594, 394, 420, 430, 405, 514, 507
165, 0.33858266, 484, 666, 349, 495, 467, 536, 406, 631, 0.33858266, 631, 577, 491, 688, 622, 782, 543, 424, 0.33070865, 390, 591, 510, 557, 513, 458, 552, 424, 0.33858266, 484, 512, 613, 355, 395, 421, 589, 390, 0.33070865, 390, 591, 510, 557, 513, 458, 552, 424
166, 0.3464567, 393, 356, 566, 691, 512, 539, 656, 484, 0.3464567, 484, 554, 570, 470, 446, 471, 607, 721, 0.33858266, 592, 670, 671, 631, 641, 680, 798, 721, 0.3464567, 393, 486, 457, 535, 649, 657, 490, 592, 0.33858266, 592, 670, 671, 631, 641, 680, 798, 721
167, 0.35433072, 524, 505, 369, 464, 361, 505, 404, 459, 0.35433072, 459, 512, 850, 453, 539, 422, 568, 366, 0.3464567, 477, 495, 551, 413, 442, 400, 408, 366, 0.35433072, 524, 424, 508, 459, 493, 561, 535, 477, 0.3464567, 477, 495, 551, 413, 442, 400, 408, 366
168, 0.36220473, 861, 770, 536, 404, 482, 765, 442, 938, 0.36220473, 938, 945, 507, 1024, 874, 920, 807, 589, 0.35433072, 414, 505, 483, 478, 472, 463, 579, 589, 0.36220473, 861, 408, 803, 488, 412, 475, 877, 414, 0.35433072, 414, 505, 483, 478, 472, 463, 579, 589
169, 0.37007874, 343, 325, 927, 836, 830, 391, 884, 439, 0.37007874, 439, 443, 369, 563, 475, 412, 403, 952, 0.36220473, 763, 890, 904, 1025, 943, 947, 1117, 952, 0.37007874, 343, 713, 418, 796, 838, 843, 417, 763, 0.36220473, 763, 890, 904, 1025, 943, 947, 1117, 952
170, 0.37795275, 339, 426, 339, 376, 496, 319, 486, 379, 0.37795275, 379, 332, 800, 376, 368, 386, 364, 392, 0.37007874, 359, 321, 464, 526, 450, 350, 372, 392, 0.37795275, 339, 442, 349, 489, 354, 429, 317, 359, 0.37007874, 359, 321, 464, 526, 450, 350, 372, 392
171, 0.38582677, 634, 499, 472, 242, 301, 515, 347, 603, 0.38582677, 603, 632, 433, 636, 710, 611, 696, 349, 0.37795275, 339, 253, 322, 337, 343, 349, 343, 349, 0.38582677, 634, 321, 446, 406, 386, 336, 483, 339, 0.37795275, 339, 253, 322, 337, 343, 349, 343, 349
172, 0.39370078, 352, 413, 550, 655, 604, 533, 506, 506, 0.39370078, 506, 442, 409, 461, 464, 384, 379, 755, 0.38582677, 455, 588, 454, 547, 635, 508, 492, 755, 0.39370078, 352, 528, 394, 627, 584, 441, 386, 455, 0.38582677, 455, 588, 454, 547, 635, 508, 492, 755
173, 0.4015748, 475, 416, 467, 444, 413, 419, 594, 428, 0.4015748, 428, 448, 466, 535, 380, 317, 391, 401, 0.39370078, 469, 426, 431, 453, 470, 388, 386, 401, 0.4015748, 475, 446, 527, 398, 528, 348, 492, 469, 0.39370078, 469, 426, 431, 453, 470, 388, 386, 401
174, 0.40944883, 515, 447, 444, 348, 399, 425, 466, 438, 0.40944883, 438, 460, 378, 584, 498, 449, 518, 412, 0.4015748, 524, 369, 423, 390, 484, 380, 366, 412, 0.40944883, 515, 461, 515, 415, 481, 438, 375, 524, 0.4015748, 524, 369, 423, 390, 484, 380, 366, 412
175, 0.41732284, 389, 331, 569, 481, 565, 284, 352, 390, 0.41732284, 390, 284, 426, 404, 305, 346, 344, 457, 0.40944883, 393, 548, 472, 487, 528, 469, 476, 457, 0.41732284, 389, 421, 343, 497, 516, 488, 332, 393, 0.40944883, 393, 548, 472, 487, 528, 469, 476, 457
176, 0.42519686, 413, 386, 401, 330, 337, 412, 339, 446, 0.42519686, 446, 464, 437, 548, 577, 487, 476, 281, 0.41732284, 316, 386, 299, 325, 304, 400, 270, 281, 0.42519686, 413, 315, 407, 329, 340, 327, 465, 316, 0.41732284, 316, 386, 299, 325, 304, 400, 270, 281
177, 0.43307087, 276, 367, 519, 507, 482, 428, 294, 378, 0.43307087, 378, 372, 613, 377, 412, 401, 398, 468, 0.42519686, 362, 495, 447, 504, 424, 377, 458, 468, 0.43307087, 276, 430, 381, 513, 507, 489, 391, 362, 0.42519686, 362, 495, 447, 504, 424, 377, 458, 468
178, 0.44094488, 452, 640, 282, 420, 345, 634, 301, 648, 0.44094488, 648, 599, 380, 524, 664, 598, 557, 378, 0.43307087, 301, 293, 423, 350, 280, 271, 314, 378, 0.44094488, 452, 413, 547, 437, 400, 355, 586, 301, 0.43307087, 301, 293, 423, 350, 280, 271, 314, 378
179, 0.4488189, 359, 393, 580, 621, 636, 448, 608, 494, 0.4488189, 494, 458, 784, 414, 496, 436, 317, 533, 0.44094488, 434, 572, 700, 591, 618, 553, 560, 533, 0.4488189, 359, 567, 396, 540, 601, 557, 365, 434, 0.44094488, 434, 572, 700, 591, 618, 553, 560, 533
180, 0.4566929, 801, 938, 393, 425, 466, 869, 445, 699, 0.4566929, 699, 779, 986, 681, 743, 739, 885, 361, 0.4488189, 405, 457, 353, 426, 339, 459, 278, 361, 0.4566929, 801, 397, 722, 381, 461, 415, 630, 405, 0.4488189, 405, 457, 353, 426, 339, 459, 278, 361
181, 0.46456692, 845, 908, 790, 704, 683, 866, 750, 708, 0.46456692, 708, 964, 831, 845, 926, 931, 971, 736, 0.4566929, 797, 757, 753, 613, 607, 803, 610, 736, 0.46456692, 845, 803, 893, 692, 677, 736, 880, 797, 0.4566929, 797, 757, 753, 613, 607, 803, 610, 736
182, 0.47244096, 812, 779, 1260, 950, 795, 649, 773, 921, 0.47244096, 921, 698, 776, 706, 825, 630, 903, 686, 0.46456692, 584, 784, 934, 1030, 800, 765, 678, 686, 0.47244096, 812, 817, 806, 906, 746, 871, 1069, 584, 0.46456692, 584, 784, 934, 1030, 800, 765, 678, 686
183, 0.48031497, 648, 983, 734, 902, 791, 829, 875, 1182, 0.48031497, 1182, 921, 558, 857, 983, 750, 782, 698, 0.47244096, 674, 662, 760, 687, 882, 734, 825, 698, 0.48031497, 648, 616, 656, 676, 790, 629, 746, 674, 0.47244096, 674, 662, 760, 687, 882, 734, 825, 698
184, 0.48818898, 588, 685, 847, 1141, 765, 619, 971, 615, 0.48818898, 615, 521, 752, 508, 459, 416, 704, 766, 0.48031497, 932, 717, 530, 856, 790, 714, 611, 766, 0.48818898, 588, 851, 593, 979, 846, 759, 532, 932, 0.48031497, 932, 717, 530, 856, 790, 714, 611, 766
185, 0.496063, 1110, 757, 620, 707, 807, 928, 478, 830, 0.496063, 830, 928, 1066, 1012, 877, 1007, 766, 540, 0.48818898, 616, 571, 577, 520, 400, 546, 548, 540, 0.496063, 1110, 568, 911, 585, 569, 536, 803, 616, 0.48818898, 616, 571, 577, 520, 400, 546, 548, 540
186, 0.503937, 1303, 1336, 1171, 933, 1117, 1297, 980, 1015, 0.503937, 1015, 1114, 1590, 1092, 1029, 890, 1176, 849, 0.496063, 771, 947, 1012, 990, 783, 1028, 907, 849, 0.503937, 1303, 630, 999, 881, 822, 912, 1148, 771, 0.496063, 771, 947, 1012, 990, 783, 1028, 907, 849
187, 0.511811, 1737, 1743, 1080, 978, 1348, 1660, 1248, 1639, 0.511811, 1639, 1868, 1434, 1829, 1612, 1570, 1539, 1374, 0.503937, 1079, 1375, 1202, 1032, 1398, 1240, 1138, 1374, 0.511811, 1737, 1217, 1666, 1198, 1092, 1137, 1848, 1079, 0.503937, 1079, 1375, 1202, 1032, 1398, 1240, 1138, 1374
188, 0.51968503, 1218, 1306, 1530, 1525, 1708, 1431, 1588, 1144, 0.51968503, 1144, 1267, 1653, 1136, 1757, 1401, 1416, 1389, 0.511811, 1570, 1408, 1375, 1746, 1325, 1418, 1468, 1389, 0.51968503, 1218, 1754, 1569, 1305, 2031, 1754, 1234, 1570, 0.511811, 1570, 1408, 1375, 1746, 1325, 1418, 1468, 1389
189, 0.52755904, 1185, 1456, 1271, 1659, 1124, 1404, 1347, 1451, 0.52755904, 1451, 1353, 1190, 1433, 1222, 1692, 1698, 953, 0.51968503, 1167, 1515, 1397, 1020, 1177, 1139, 1127, 953, 0.52755904, 1185, 1248, 1242, 1173, 1274, 1091, 1264, 1167, 0.51968503, 1167, 1515, 1397, 1020, 1177, 1139, 1127, 953
190, 0.53543305, 1046, 1132, 1439, 1333, 1498, 1282, 1493, 974, 0.53543305, 974, 1043, 1534, 1270, 899, 1164, 1020, 1761, 0.52755904, 1434, 1498, 1512, 1451, 1797, 1886, 1536, 1761, 0.53543305, 1046, 1374, 1137, 1637, 1195, 1655, 1196, 1434, 0.52755904, 1434, 1498, 1512, 1451, 1797, 1886, 1536, 1761
191, 0.54330707, 1226, 1342, 1334, 1281, 1220, 1485, 1256, 1495, 0.54330707, 1495, 1547, 1801, 1784, 1367, 1659, 1312, 1142, 0.53543305, 997, 1077, 1246, 1409, 1276, 1190, 1598, 1142, 0.54330707, 1226, 1023, 1200, 1199, 1494, 993, 1013, 997, 0.53543305, 997, 1077, 1246, 1409, 1276, 1190, 1598, 1142
192, 0.5511811, 1496, 1800, 1296, 1186, 1531, 1612, 1114, 1247, 0.5511811, 1247, 1700, 853, 1787, 1596, 1507, 1655, 1473, 0.54330707, 1611, 1379, 2049, 1794, 1305, 1330, 1704, 1473, 0.5511811, 1496, 1124, 1783, 1412, 1393, 1500, 1556, 1611, 0.54330707, 1611, 1379, 2049, 1794, 1305, 1330, 1704, 1473
193, 0.5590551, 764, 676, 1824, 1560, 1624, 836, 1549, 719, 0.5590551, 719, 848, 957, 909, 1067, 812, 837, 1554, 0.5511811, 1600, 1610, 1701, 1682, 1671, 1804, 1638, 1554, 0.5590551, 764, 1747, 838, 1704, 1750, 1464, 823, 1600, 0.5511811, 1600, 1610, 1701, 1682, 1671, 1804, 1638, 1554
194, 0.56692916, 787, 820, 599, 948, 504, 738, 676, 715, 0.56692916, 715, 812, 710, 698, 907, 789, 1146, 878, 0.5590551, 557, 671, 749, 614, 914, 642, 707, 878, 0.56692916, 787, 655, 656, 838, 804, 648, 717, 557, 0.5590551, 557, 671, 749, 614, 914, 642, 707, 878
195, 0.5748032, 600, 600, 984, 989, 778, 816, 770, 601, 0.5748032, 601, 550, 827, 522, 757, 437, 660, 791, 0.56692916, 714, 861, 1066, 866, 732, 736, 1086, 791, 0.5748032, 600, 712, 623, 663, 660, 901, 552, 714, 0.56692916, 714, 861, 1066, 866, 732, 736, 1086, 791
196, 0.5826772, 834, 775, 757, 764, 650, 863, 689, 905, 0.5826772, 905, 820, 789, 908, 748, 831, 785, 529, 0.5748032, 693, 802, 660, 582, 664, 722, 607, 529, 0.5826772, 834, 682, 939, 732, 683, 623, 942, 693, 0.5748032, 693, 802, 660, 582, 664, 722, 607, 529
197, 0.5905512, 942, 919, 1049, 1024, 920, 849, 964, 729, 0.5905512, 729, 971, 538, 820, 677, 940, 741, 908, 0.5826772, 684, 824, 941, 772, 865, 896, 891, 908, 0.5905512, 942, 795, 924, 807, 727, 674, 943, 684, 0.5826772, 684, 824, 941, 772, 865, 896, 891, 908
198, 0.5984252, 467, 816, 841, 816, 1005, 636, 944, 486, 0.5984252, 486, 610, 978, 806, 709, 820, 495, 923, 0.5905512, 752, 806, 778, 902, 751, 1000, 981, 923, 0.5984252, 467, 745, 637, 764, 792, 869, 591, 752, 0.5905512, 752, 806, 778, 902, 751, 1000, 981, 923
199, 0.6062992, 839, 964, 772, 757, 673, 1016, 807, 699, 0.6062992, 699, 919, 2257, 714, 898, 876, 867, 576, 0.5984252, 622, 749, 568, 716, 501, 508, 567, 576, 0.6062992, 839, 719, 941, 506, 453, 602, 959, 622, 0.5984252, 622, 749, 568, 716, 501, 508, 567, 576
200, 0.61417323, 2061, 2189, 899, 984, 1073, 2377, 1038, 2156, 0.61417323, 2156, 1983, 1478, 2224, 2181, 2352, 2112, 882, 0.6062992, 948, 1078, 1040, 988, 1287, 1003, 986, 882, 0.61417323, 2061, 932, 2272, 1000, 1251, 1211, 2340, 948, 0.6062992, 948, 1078, 1040, 988, 1287, 1003, 986, 882
201, 0.62204725, 1156, 1440, 2143, 2179, 2321, 1336, 2197, 1399, 0.62204725, 1399, 1305, 666, 1309, 1504, 1281, 1391, 2174, 0.61417323, 2022, 2095, 2042, 2181, 2282, 2002, 2297, 2174, 0.62204725, 1156, 2115, 1366, 2165, 2168, 2174, 1322, 2022, 0.61417323, 2022, 2095, 2042, 2181, 2282, 2002, 2297, 2174
202, 0.62992126, 587, 517, 1507, 1608, 1378, 592, 1532, 469, 0.62992126, 469, 635, 422, 534, 592, 560, 543, 1036, 0.62204725, 1268, 1265, 1375, 1404, 1399, 1437, 1442, 1036, 0.62992126, 587, 1578, 696, 1561, 1404, 1386, 594, 1268, 0.62204725, 1268, 1265, 1375, 1404, 1399, 1437, 1442, 1036
203, 0.63779527, 532, 542, 748, 568, 527, 555, 614, 403, 0.63779527, 403, 536, 526, 470, 468, 467, 510, 446, 0.62992126, 558, 651, 761, 534, 484, 741, 624, 446, 0.63779527, 532, 694, 634, 554, 520, 622, 552, 558, 0.62992126, 558, 651, 761, 534, 484, 741, 624, 446
204, 0.6456693, 629, 655, 632, 637, 520, 475, 458, 524, 0.6456693, 524, 484, 595, 564, 707, 643, 580, 395, 0.63779527, 588, 538, 578, 450, 491, 477, 573, 395, 0.6456693, 629, 597, 606, 641, 663, 470, 487, 588, 0.63779527, 588, 538, 578, 450, 491, 477, 573, 395
205, 0.6535433, 528, 491, 592, 668, 498, 484, 544, 482, 0.6535433, 482, 544, 547, 589, 575, 533, 431, 363, 0.6456693, 583, 534, 566, 707, 709, 676, 600, 363, 0.6535433, 528, 745, 573, 612, 520, 560, 486, 583, 0.6456693, 583, 534, 566, 707, 709, 676, 600, 363
206, 0.6614173, 547, 800, 441, 536, 675, 703, 596, 486, 0.6614173, 486, 485, 556, 598, 555, 552, 522, 417, 0.6535433, 405, 478, 456, 500, 523, 526, 481, 417, 0.6614173, 547, 642, 486, 597, 492, 581, 583, 405, 0.6535433, 405, 478, 456, 500, 523, 526, 481, 417
207, 0.6692913, 721, 705, 569, 523, 763, 826, 635, 552, 0.6692913, 552, 708, 451, 811, 589, 612, 620, 584, 0.6614173, 442, 511, 468, 612, 526, 531, 489, 584, 0.6692913, 721, 668, 790, 533, 757, 584, 934, 442, 0.6614173, 442, 511, 468, 612, 526, 531, 489, 584
208, 0.6771653, 501, 571, 768, 680, 860, 675, 709, 370, 0.6771653, 370, 598, 1695, 568, 423, 426, 381, 929, 0.6692913, 505, 635, 620, 797, 632, 603, 703, 929, 0.6771653, 501, 725, 555, 822, 1002, 770, 493, 505, 0.6692913, 505, 635, 620, 797, 632, 603, 703, 929
209, 0.68503934, 1503, 1677, 718, 485, 597, 1437, 536, 1363, 0.68503934, 1363, 1372, 751, 1389, 1285, 1589, 1587, 492, 0.6771653, 571, 546, 655, 486, 766, 655, 554, 492, 0.68503934, 1503, 745, 1884, 718, 537, 876, 1663, 571, 0.6771653, 571, 546, 655, 486, 766, 655, 554, 492
210, 0.6929134, 683, 827, 1496, 1453, 1577, 799, 1430, 663, 0.6929134, 663, 706, 641, 641, 901, 694, 698, 1255, 0.68503934, 1453, 1547, 1550, 1691, 1503, 1507, 1544, 1255, 0.6929134, 683, 1858, 760, 1519, 1767, 1620, 627, 1453, 0.68503934, 1453, 1547, 1550, 1691, 1503, 1507, 1544, 1255
211, 0.7007874, 792, 655, 809, 778, 708, 730, 829, 699, 0.7007874, 699, 771, 572, 634, 610, 775, 620, 536, 0.6929134, 701, 691, 673, 637, 696, 731, 532, 536, 0.7007874, 792, 859, 946, 826, 657, 687, 864, 701, 0.6929134, 701, 691, 673, 637, 696, 731, 532, 536
212, 0.70866144, 538, 678, 804, 700, 765, 633, 603, 635, 0.70866144, 635, 569, 437, 723, 682, 476, 577, 576, 0.7007874, 657, 938, 901, 613, 735, 789, 823, 576, 0.70866144, 538, 828, 636, 604, 677, 851, 519, 657, 0.7007874, 657, 938, 901, 613, 735, 789, 823, 576
213, 0.71653545, 387, 404, 564, 571, 564, 374, 645, 305, 0.71653545, 305, 370, 1055, 432, 349, 421, 425, 531, 0.70866144, 678, 725, 827, 784, 770, 882, 831, 531, 0.71653545, 387, 640, 434, 648, 622, 679, 448, 678, 0.70866144, 678, 725, 827, 784, 770, 882, 831, 531
214, 0.72440946, 1345, 1187, 362, 354, 391, 1154, 470, 1101, 0.72440946, 1101, 1089, 461, 1207, 985, 1070, 1167, 425, 0.71653545, 707, 677, 427, 449, 822, 710, 529, 425, 0.72440946, 1345, 510, 1313, 741, 414, 446, 1378, 707, 0.71653545, 707, 677, 427, 449, 822, 710, 529, 425
215, 0.7322835, 482, 555, 1176, 1202, 1261, 557, 1179, 464, 0.7322835, 464, 471, 538, 494, 387, 426, 452, 1233, 0.72440946, 1369, 1566, 1394, 1302, 1563, 1565, 1347, 1233, 0.7322835, 482, 1150, 549, 1402, 1183, 1247, 606, 1369, 0.72440946, 1369, 1566, 1394, 1302, 1563, 1565, 1347, 1233
216, 0.7401575, 424, 468, 513, 481, 553, 487, 543, 394, 0.7401575, 394, 421, 466, 499, 526, 441, 488, 463, 0.7322835, 604, 583, 591, 535, 535, 459, 533, 463, 0.7401575, 424, 514, 454, 502, 458, 487, 520, 604, 0.7322835, 604, 583, 591, 535, 535, 459, 533, 463
217, 0.7480315, 481, 586, 467, 443, 546, 504, 397, 446, 0.7480315, 446, 638, 1725, 419, 518, 676, 635, 521, 0.7401575, 427, 500, 529, 514, 545, 537, 548, 521, 0.7480315, 481, 441, 650, 546, 640, 512, 675, 427, 0.7401575, 427, 500, 529, 514, 545, 537, 548, 521
218, 0.7559055, 1699, 1630, 536, 449, 527, 1640, 551, 1394, 0.7559055, 1394, 1771, 2658, 1440, 1565, 1663, 1506, 527, 0.7480315, 725, 709, 588, 581, 519, 602, 608, 527, 0.7559055, 1699, 786, 1618, 591, 628, 677, 1725, 725, 0.7480315, 725, 709, 588, 581, 519, 602, 608, 527
219, 0.7637795, 2820, 2904, 1349, 1832, 1470, 3164, 1300, 2764, 0.7637795, 2764, 2701, 1505, 2735, 2996, 2713, 2665, 1358, 0.7559055, 1665, 1858, 1855, 1693, 1436, 2086, 1629, 1358, 0.7637795, 2820, 1438, 3053, 1652, 1603, 1622, 2950, 1665, 0.7559055, 1665, 1858, 1855, 1693, 1436, 2086, 1629, 1358
220, 0.77165353, 1656, 1677, 3452, 3077, 3086, 1567, 3296, 1675, 0.77165353, 1675, 1600, 539, 1638, 1474, 1513, 1620, 2817, 0.7637795, 2406, 2122, 2668, 2786, 2715, 2229, 2741, 2817, 0.77165353, 1656, 3357, 1574, 2987, 3005, 3036, 1562, 2406, 0.7637795, 2406, 2122, 2668, 2786, 2715, 2229, 2741, 2817
221, 0.77952754, 437, 529, 1331, 1566, 1730, 579, 1680, 343, 0.77952754, 343, 633, 1397, 549, 443, 536, 465, 1364, 0.77165353, 1395, 1648, 1408, 1653, 1635, 1567, 1497, 1364, 0.77952754, 437, 1422, 521, 1438, 1616, 1467, 387, 1395, 0.77165353, 1395, 1648, 1408, 1653, 1635, 1567, 1497, 1364
222, 0.78740156, 1800, 1447, 703, 524, 601, 1863, 511, 1667, 0.78740156, 1667, 1520, 593, 1468, 1464, 1519, 1557, 549, 0.77952754, 518, 488, 613, 480, 500, 523, 522, 549, 0.78740156, 1800, 561, 1449, 519, 483, 488, 1608, 518, 0.77952754, 518, 488, 613, 480, 500, 523, 522, 549
223, 0.79527557, 515, 534, 1545, 1498, 1473, 384, 1658, 542, 0.79527557, 542, 358, 904, 596, 479, 425, 528, 1480, 0.78740156, 1511, 1512, 1361, 1423, 1530, 1492, 1619, 1480, 0.79527557, 515, 1401, 646, 1515, 1636, 1467, 771, 1511, 0.78740156, 1511, 1512, 1361, 1423, 1530, 1492, 1619, 1480
224, 0.8031496, 1263, 1283, 463, 464, 603, 1279, 629, 1283, 0.8031496, 1283, 1142, 952, 1258, 806, 973, 970, 660, 0.79527557, 542, 574, 753, 623, 770, 582, 704, 660, 0.8031496, 1263, 641, 1012, 484, 560, 754, 1021, 542, 0.79527557, 542, 574, 753, 623, 770, 582, 704, 660
225, 0.8110236, 567, 791, 1080, 1109, 1359, 856, 1009, 685, 0.8110236, 685, 860, 564, 614, 1033, 997, 903, 1201, 0.8031496, 1292, 1062, 1053, 1430, 1025, 1106, 977, 1201, 0.8110236, 567, 1105, 939, 864, 1054, 864, 830, 1292, 0.8031496, 1292, 1062, 1053, 1430, 1025, 1106, 977, 1201
226, 0.81889766, 483, 552, 932, 861, 656, 660, 939, 502, 0.81889766, 502, 616, 247, 645, 768, 598, 586, 445, 0.8110236, 601, 746, 788, 538, 1031, 913, 828, 445, 0.81889766, 483, 793, 532, 1014, 867, 850, 705, 601, 0.8110236, 601, 746, 788, 538, 1031, 913, 828, 445
227, 0.8267717, 539, 283, 607, 835, 646, 301, 552, 316, 0.8267717, 316, 308, 783, 588, 335, 393, 336, 642, 0.81889766, 473, 741, 730, 705, 517, 679, 754, 642, 0.8267717, 539, 652, 270, 655, 492, 656, 333, 473, 0.81889766, 473, 741, 730, 705, 517, 679, 754, 642
228, 0.8346457, 569, 759, 379, 295, 391, 769, 392, 820, 0.8346457, 820, 865, 495, 612, 863, 675, 611, 403, 0.8267717, 388, 563, 440, 388, 387, 462, 456, 403, 0.8346457, 569, 315, 688, 416, 364, 387, 773, 388, 0.8267717, 388, 563, 440, 388, 387, 462, 456, 403
229, 0.8425197, 523, 590, 594, 798, 779, 680, 811, 470, 0.8425197, 470, 472, 243, 729, 916, 812, 920, 874, 0.8346457, 920, 699, 734, 769, 808, 821, 737, 874, 0.8425197, 523, 631, 616, 684, 777, 627, 504, 920, 0.8346457, 920, 699, 734, 769, 808, 821, 737, 874
230, 0.8503937, 109, 204, 630, 586, 653, 244, 447, 152, 0.8503937, 152, 211, 236, 205, 211, 314, 231, 652, 0.8425197, 497, 439, 576, 574, 787, 630, 859, 652, 0.8503937, 109, 595, 300, 872, 962, 968, 237, 497, 0.8425197, 497, 439, 576, 574, 787, 630, 859, 652
231, 0.8582677, 118, 158, 259, 244, 291, 178, 207, 126, 0.8582677, 126, 194, 629, 178, 184, 292, 300, 149, 0.8503937, 146, 253, 301, 390, 233, 409, 222, 149, 0.8582677, 118, 280, 181, 280, 188, 286, 224, 146, 0.8503937, 146, 253, 301, 390, 233, 409, 222, 149
232, 0.86614174, 556, 412, 219, 160, 181, 506, 142, 495, 0.86614174, 495, 598, 941, 760, 425, 696, 802, 164, 0.8582677, 190, 233, 231, 228, 211, 209, 296, 164, 0.86614174, 556, 171, 621, 182, 243, 306, 805, 190, 0.8582677, 190, 233, 231, 228, 211, 209, 296, 164
233, 0.87401575, 609, 643, 769, 629, 508, 645, 404, 612, 0.87401575, 612, 726, 2726, 733, 690, 826, 823, 507, 0.86614174, 547, 429, 882, 758, 734, 570, 458, 507, 0.87401575, 609, 528, 578, 685, 581, 536, 846, 547, 0.86614174, 547, 429, 882, 758, 734, 570, 458, 507
234, 0.88188976, 2999, 2392, 934, 1084, 779, 2950, 583, 2929, 0.88188976, 2929, 2627, 1187, 2264, 2349, 2426, 2181, 588, 0.87401575, 665, 706, 1001, 973, 751, 824, 811, 588, 0.88188976, 2999, 766, 2644, 701, 721, 742, 2377, 665, 0.87401575, 665, 706, 1001, 973, 751, 824, 811, 588
235, 0.8897638, 483, 1396, 2525, 2387, 2366, 888, 2859, 755, 0.8897638, 755, 1120, 866, 1318, 1119, 1404, 1116, 2766, 0.88188976, 2825, 2669, 2293, 2440, 2678, 2923, 2236, 2766, 0.8897638, 483, 2676, 1110, 2287, 2522, 2184, 911, 2825, 0.88188976, 2825, 2669, 2293, 2440, 2678, 2923, 2236, 2766
236, 0.8976378, 392, 1078, 1147, 1138, 1057, 786, 972, 574, 0.8976378, 574, 1119, 2255, 1058, 1102, 739, 722, 880, 0.8897638, 714, 1038, 1463, 1110, 1001, 918, 1123, 880, 0.8976378, 392, 726, 675, 1168, 739, 1469, 677, 714, 0.8897638, 714, 1038, 1463, 1110, 1001, 918, 1123, 880
237, 0.9055118, 2227, 2371, 814, 697, 937, 2041, 745, 2261, 0.9055118, 2261, 2406, 2797, 2299, 2335, 2517, 2354, 434, 0.8976378, 504, 940, 730, 631, 761, 705, 753, 434, 0.9055118, 2227, 647, 2249, 568, 474, 742, 2400, 504, 0.8976378, 504, 940, 730, 631, 761, 705, 753, 434
238, 0.9133858, 3973, 2614, 2173, 2297, 2378, 3147, 2536, 3623, 0.9133858, 3623, 2774, 349, 2314, 2558, 2283, 2634, 2261, 0.9055118, 2039, 2167, 2314, 2396, 2006, 1821, 2189, 2261, 0.9133858, 3973, 2265, 3131, 2671, 2115, 2364, 2850, 2039, 0.9055118, 2039, 2167, 2314, 2396, 2006, 1821, 2189, 2261
239, 0.9212598, 341, 499, 2647, 2767, 2980, 432, 3031, 417, 0.9212598, 417, 257, 3, 620, 783, 589, 680, 3345, 0.9133858, 3511, 3038, 2438, 2653, 2708, 3151, 2638, 3345, 0.9212598, 341, 3500, 373, 2402, 3040, 2256, 316, 3511, 0.9133858, 3511, 3038, 2438, 2653, 2708, 3151, 2638, 3345
240, 0.92913383, 2, 3, 456, 392, 412, 8, 338, 4, 0.92913383, 4, 4, 1, 6, 5, 9, 9, 728, 0.9212598, 570, 341, 378, 417, 613, 450, 862, 728, 0.92913383, 2, 309, 2, 605, 877, 792, 1, 570, 0.9212598, 570, 341, 378, 417, 613, 450, 862, 728
241, 0.93700784, 2, 2, 7, 2, 4, 2, 4, 2, 0.93700784, 2, 2, 3, 2, 2, 6, 4, 1, 0.92913383, 4, 1, 7, 6, 5, 4, 2, 1, 0.93700784, 2, 2, 1, 2, 7, 9, 2, 4, 0.92913383, 4, 1, 7, 6, 5, 4, 2, 1
242, 0.9448819, 1, 2, , 1, 1, 1, 1, 1, 0.9448819, 1, 4, 1, 3, 4, 7, 3, 1, 0.93700784, 1, 1, 28, 1, 2, 29, 2, 1, 0.9448819, 1, 1, 3, 1, 1, 3, 3, 1, 0.93700784, 1, 1, 28, 1, 2, 29, 2, 1
243, 0.96062994, 1, , , 1, 2, , 1, 3, 0.9527559, 3, 3, , , 4, 4, 3, 1, 0.9448819, 1, 4, 3, 3, 2, 1, 3, 1, 0.96062994, 1, 2, , 1, 1, 6, , 1, 0.9448819, 1, 4, 3, 3, 2, 1, 3, 1
244, , , , , 2, 3, , 2, 1, 0.96062994, 1, , , , 1, 1, , , , , 2, 7, 5, 2, 1, 3, , , , , , , , , , , , , 2, 7, 5, 2, 1, 3, 
245, , , , , , , , , , , , , , , , , , , , , , 1, , , , , , , , , , , , , , , , , , 1, , , , , 
246, , , , , , , , , , , , , , , , , , , , , , , , , , , , , , , , , , , , , , , , , , , , , 
247, , , , , , , , , , , , , , , , , , , , , , , , , , , , , , , , , , , , , , , , , , , , , 
248, , , , , , , , , , , , , , , , , , , , , , , , , , , , , , , , , , , , , , , , , , , , , 
249, , , , , , , , , , , , , , , , , , , , , , , , , , , , , , , , , , , , , , , , , , , , , 
250, , , , , , , , , , , , , , , , , , , , , , , , , , , , , , , , , , , , , , , , , , , , , 
251, , , , , , , , , , , , , , , , , , , , , , , , , , , , , , , , , , , , , , , , , , , , , 
252, , , , , , , , , , , , , , , , , , , , , , , , , , , , , , , , , , , , , , , , , , , , , 
253, , , , , , , , , , , , , , , , , , , , , , , , , , , , , , , , , , , , , , , , , , , , , 
254, , , , , , , , , , , , , , , , , , , , , , , , , , , , , , , , , , , , , , , , , , , , , 
